,City,Cloudiness,Country,Date,Humidity,Lat,Lon,Max Temp,Wind Speed
0,kapaa,75,US,1573397046,94,22.08,-159.32,73.4,6.93
1,ushuaia,0,AR,1573397046,76,-54.81,-68.31,48.2,5.82
2,faanui,100,PF,1573397046,79,-16.48,-151.75,79.81,19.93
3,touros,75,BR,1573397047,55,-5.2,-35.46,86.0,16.11
4,san felipe,0,CL,1573397047,27,-32.75,-70.73,91.99,5.7
5,souillac,33,FR,1573397048,66,45.6,-0.6,52.0,11.41
6,rikitea,99,PF,1573397049,80,-23.12,-134.97,72.63,17.16
7,nikolskoye,75,RU,1573397049,87,59.7,30.79,50.0,6.71
8,abu kamal,0,SY,1573397049,23,34.45,40.92,70.5,5.64
9,harper,1,US,1573397050,87,30.3,-99.24,55.0,16.13
10,atuona,6,PF,1573397050,75,-9.8,-139.03,78.75,13.96
11,jamestown,0,AU,1573397050,27,-33.21,138.6,58.86,7.16
12,east london,75,ZA,1573397051,93,-33.02,27.91,66.2,11.41
13,saldanha,100,PT,1573397051,66,41.42,-6.55,47.57,15.37
14,port elizabeth,90,US,1573396783,61,39.31,-74.98,51.01,8.05
15,matara,100,BI,1573397051,90,-3.48,29.48,64.22,3.49
16,albany,90,US,1573397052,44,42.65,-73.75,41.0,11.41
17,qaanaaq,0,GL,1573397052,36,77.48,-69.36,-4.55,5.59
18,mataura,100,NZ,1573397052,88,-46.19,168.86,45.0,2.57
19,puerto ayora,40,EC,1573397052,73,-0.74,-90.35,73.4,10.29
20,castro,73,CL,1573397053,63,-42.48,-73.76,62.6,6.93
21,nelson bay,40,AU,1573396851,82,-32.72,152.14,64.0,3.36
22,provideniya,100,RU,1573397054,98,64.42,-173.23,31.98,8.59
23,comodoro rivadavia,40,AR,1573397054,66,-45.87,-67.48,55.4,9.17
24,shreveport,1,US,1573396921,76,32.52,-93.77,53.01,4.7
25,upernavik,87,GL,1573397055,59,72.79,-56.15,20.35,5.08
26,severo-kurilsk,100,RU,1573397056,80,50.68,156.12,29.95,14.74
27,lengshuijiang,21,CN,1573397056,61,27.66,111.45,58.24,1.77
28,keti bandar,0,PK,1573396810,41,24.14,67.45,79.0,12.46
29,pangnirtung,76,CA,1573397058,61,66.15,-65.72,16.97,10.31
30,portland,90,US,1573396904,51,43.66,-70.25,43.0,9.17
31,caravelas,8,BR,1573397059,44,-17.73,-39.27,89.11,9.15
32,butaritari,75,KI,1573397059,65,3.07,172.79,84.07,3.67
33,cherskiy,0,RU,1573397060,68,68.75,161.3,0.55,1.1
34,bani,0,YE,1573397061,50,16.02,42.93,87.42,10.69
35,barrow,100,AR,1573397061,42,-38.31,-60.23,72.45,5.21
36,nador,20,MA,1573397062,55,35.17,-2.93,62.6,26.4
37,tuktoyaktuk,5,CA,1573397062,71,69.44,-133.03,6.8,9.17
38,georgetown,75,GY,1573397063,74,6.8,-58.16,86.0,11.41
39,brest,90,BY,1573397063,93,52.09,23.69,48.2,6.71
40,goderich,99,CA,1573396813,90,43.74,-81.71,42.01,7.0
41,hermanus,100,ZA,1573397064,72,-34.42,19.24,79.0,18.01
42,bandarbeyla,0,SO,1573397065,74,9.49,50.81,79.93,15.3
43,nanortalik,67,GL,1573397065,83,60.14,-45.24,37.51,31.38
44,dikson,100,RU,1573397066,87,73.51,80.55,15.44,12.88
45,buala,100,SB,1573397066,82,-8.15,159.59,78.91,5.75
46,chemax,5,MX,1573397067,78,20.66,-87.94,78.8,6.93
47,kaitangata,100,NZ,1573397067,81,-46.28,169.85,46.99,4.0
48,beyneu,98,KZ,1573397068,73,45.32,55.19,46.81,14.23
49,namatanai,99,PG,1573397068,71,-3.66,152.44,80.73,5.53
50,verkhnevilyuysk,49,RU,1573397070,89,63.45,120.31,-7.75,8.01
51,olinala,0,MX,1573397070,66,17.83,-98.85,72.84,1.03
52,komsomolskiy,0,RU,1573397071,90,67.55,63.78,-4.71,4.85
53,faya,75,SA,1573397072,64,18.39,42.45,71.6,8.05
54,tabou,46,CI,1573397073,75,4.42,-7.36,83.73,5.86
55,kimbe,100,PG,1573397074,96,-5.56,150.15,71.29,4.21
56,luancheng,0,CN,1573397075,26,37.88,114.65,50.0,2.24
57,high level,5,CA,1573396818,74,58.52,-117.13,-22.01,3.36
58,cape town,100,ZA,1573397056,53,-33.93,18.42,79.0,11.41
59,moa,2,CU,1573396818,87,20.66,-74.95,77.41,3.15
60,aykhal,90,RU,1573396819,75,65.95,111.51,-20.21,4.47
61,nome,1,US,1573396618,71,30.04,-94.42,60.01,4.12
62,lebu,20,ET,1573396629,46,8.96,38.73,69.8,11.41
63,muros,75,ES,1573396636,93,42.77,-9.06,57.0,1.41
64,daugai,100,LT,1573396820,87,54.36,24.35,46.4,2.24
65,simpang empat,75,MY,1573397090,94,6.02,100.38,78.8,3.36
66,lianran,90,CN,1573397091,93,24.92,102.47,55.0,4.47
67,cururupu,92,BR,1573397091,50,-1.82,-44.87,90.03,8.1
68,odessa,1,US,1573397091,93,31.85,-102.37,55.0,9.17
69,okhotsk,100,RU,1573396821,82,59.36,143.24,11.03,7.58
70,fortuna,75,US,1573397092,100,40.6,-124.16,44.6,6.93
71,bredasdorp,100,ZA,1573397093,68,-34.53,20.04,72.0,20.8
72,westport,75,US,1573397093,56,41.14,-73.36,48.99,13.87
73,tutoia,20,BR,1573397093,59,-2.76,-42.27,89.6,20.8
74,busselton,0,AU,1573397094,51,-33.64,115.35,61.0,12.37
75,codrington,90,AU,1573397094,81,-28.95,153.24,60.01,2.46
76,lana,25,IT,1573396824,50,46.61,11.16,51.8,2.24
77,mar del plata,100,AR,1573396819,73,-46.43,-67.52,49.15,18.52
78,kieta,100,PG,1573397095,76,-6.22,155.63,79.16,5.61
79,batemans bay,18,AU,1573397095,88,-35.71,150.18,57.0,1.99
80,general pico,0,AR,1573397095,23,-35.66,-63.75,84.74,14.88
81,iqaluit,90,CA,1573396843,92,63.75,-68.52,12.2,5.82
82,saint-philippe,90,CA,1573397096,48,45.36,-73.48,39.99,9.17
83,bambous virieux,75,MU,1573397096,78,-20.34,57.76,77.0,4.7
84,cartagena,20,ES,1573397097,29,37.63,-1.0,64.4,18.34
85,megion,90,RU,1573396826,84,61.04,76.11,-2.21,4.47
86,yellowknife,5,CA,1573397097,83,62.45,-114.38,-3.0,5.82
87,punta arenas,90,CL,1573397098,61,-53.16,-70.91,46.4,12.75
88,grand gaube,75,MU,1573397098,78,-20.01,57.66,77.0,4.7
89,rosarito,75,CO,1573396827,100,4.91,-75.23,73.4,4.7
90,kodiak,1,US,1573397099,80,39.95,-94.76,43.0,17.22
91,xinqing,100,CN,1573397099,97,48.28,129.53,29.23,4.74
92,bethel,1,US,1573396799,85,60.79,-161.76,28.4,10.29
93,zhigansk,100,RU,1573397103,94,66.77,123.37,4.23,6.58
94,arraial do cabo,40,BR,1573397103,66,-22.97,-42.02,84.2,5.82
95,topchanchi,0,IN,1573397103,68,23.9,86.2,72.52,5.46
96,ichchapuram,2,IN,1573396829,86,19.11,84.69,74.08,3.29
97,carnarvon,86,ZA,1573397104,12,-30.97,22.13,83.59,9.78
98,samarai,98,PG,1573397105,91,-10.62,150.67,73.53,5.5
99,walvis bay,0,NA,1573397105,31,-22.95,14.51,78.8,19.46
100,san jeronimo,46,PE,1573397106,53,-13.65,-73.37,62.31,7.07
101,kenai,90,US,1573397106,69,60.55,-151.26,36.0,6.93
102,hilo,1,US,1573397107,69,19.71,-155.08,73.4,2.17
103,saint george,20,GR,1573397109,40,39.45,22.34,71.6,9.17
104,abrau-dyurso,0,RU,1573397109,62,44.7,37.6,59.0,11.18
105,savannah bight,49,HN,1573397110,68,16.45,-85.85,83.12,3.98
106,avarua,0,CK,1573397111,88,-21.21,-159.78,71.6,2.24
107,torbay,90,CA,1573397115,59,47.66,-52.73,39.0,10.29
108,hobart,92,AU,1573397115,71,-42.88,147.33,53.01,11.41
109,hithadhoo,0,MV,1573397121,74,-0.6,73.08,82.65,9.86
110,batie,90,FR,1573397124,70,45.06,5.82,51.8,8.05
111,sao filipe,68,CV,1573397132,75,14.9,-24.5,77.11,18.48
112,manta,67,RO,1573397134,84,45.1,24.1,54.52,4.56
113,klaksvik,0,FO,1573397137,69,62.23,-6.59,39.2,19.46
114,russell,1,US,1573397044,60,38.9,-98.86,52.0,8.05
115,chuy,0,UY,1573397143,62,-33.69,-53.46,70.81,11.99
116,wickford,20,GB,1573397014,71,51.61,0.52,52.0,5.82
117,sorland,0,NO,1573397149,64,67.67,12.69,35.6,25.28
118,ilulissat,100,GL,1573397150,32,69.22,-51.1,39.2,29.97
119,mayfield,20,GB,1573397151,68,55.87,-3.04,42.8,3.36
120,bud,20,NO,1573397151,74,62.91,6.91,30.2,14.99
121,cantaura,36,VE,1573397152,66,9.31,-64.36,86.05,6.98
122,inhambane,75,MZ,1573397156,61,-23.87,35.38,82.4,16.11
123,valparaiso,1,US,1573396909,86,41.47,-87.06,43.0,7.92
124,kailua,1,US,1573397162,94,21.39,-157.74,71.6,7.27
125,kluczbork,100,PL,1573397163,100,50.97,18.21,45.0,5.41
126,kurilsk,97,RU,1573397164,76,45.23,147.88,34.41,10.54
127,navirai,74,BR,1573397165,60,-23.07,-54.19,86.45,5.23
128,cotonou,40,BJ,1573397167,83,6.37,2.43,84.2,6.93
129,wajima,100,JP,1573397168,66,37.4,136.9,54.9,9.84
130,new norfolk,75,AU,1573397169,71,-42.78,147.06,53.01,11.41
131,khatanga,100,RU,1573397170,97,71.98,102.47,-3.05,11.83
132,taybad,0,IR,1573397173,35,34.74,60.78,49.46,22.37
133,port alfred,93,ZA,1573397174,94,-33.59,26.89,64.0,5.99
134,la asuncion,84,AR,1573397174,75,-26.05,-65.39,67.1,5.39
135,port macquarie,20,AU,1573396961,93,-31.43,152.91,55.0,7.63
136,donskoye,33,RU,1573397175,93,45.45,41.98,44.6,11.18
137,heviz,90,HU,1573397176,87,46.79,17.18,48.0,5.82
138,sorong,89,ID,1573397177,97,-0.86,131.25,72.7,1.32
139,tiksi,96,RU,1573397177,99,71.64,128.87,-15.8,1.88
140,teguldet,99,RU,1573397177,89,57.31,88.17,7.56,5.28
141,kishangarh,10,IN,1573397178,41,26.59,74.86,77.02,5.32
142,kavaratti,0,IN,1573397178,71,10.57,72.64,81.57,7.47
143,inirida,86,CO,1573397179,56,3.87,-67.92,89.71,3.36
144,bluff,39,AU,1573397179,25,-23.58,149.07,67.62,7.45
145,bayeux,75,BR,1573397179,58,-7.13,-34.94,86.0,13.87
146,zelenoborskiy,100,RU,1573397180,85,66.84,32.36,22.8,10.98
147,meulaboh,100,ID,1573397180,75,4.14,96.13,81.23,4.38
148,maniitsoq,100,GL,1573397033,64,65.42,-52.9,36.05,3.22
149,cunen,92,GT,1573397180,80,15.34,-91.03,57.0,3.2
150,berlevag,0,NO,1573397181,73,70.86,29.09,19.4,11.41
151,luwuk,100,ID,1573397181,75,-0.95,122.79,80.42,4.29
152,lompoc,90,US,1573397181,100,34.64,-120.46,51.8,3.36
153,jammalamadugu,7,IN,1573397181,64,14.85,78.38,76.87,7.61
154,grindavik,90,IS,1573397181,75,63.84,-22.43,44.6,38.03
155,roros,90,NO,1573397182,85,62.57,11.38,17.6,6.93
156,belo oriente,2,BR,1573397182,39,-19.22,-42.48,86.52,7.56
157,yulara,45,AU,1573397182,7,-25.24,130.99,77.0,10.29
158,sinnamary,100,GF,1573397182,80,5.38,-52.96,82.36,11.07
159,pevek,43,RU,1573397185,67,69.7,170.27,7.3,2.39
160,hasaki,75,JP,1573397188,67,35.73,140.83,57.2,6.93
161,talnakh,79,RU,1573397188,76,69.49,88.39,-11.21,6.71
162,santa maria da vitoria,0,BR,1573397189,22,-13.39,-44.19,101.26,2.55
163,hamilton,75,CA,1573397108,69,43.26,-79.87,46.0,12.75
164,mahebourg,75,MU,1573397189,78,-20.41,57.7,77.0,4.7
165,vaini,20,IN,1573397190,78,15.34,74.49,73.4,1.77
166,nuuk,75,GL,1573397190,35,64.17,-51.74,41.0,17.22
167,broken hill,0,AU,1573397190,20,-31.97,141.45,66.2,8.05
168,semme,75,FR,1573397191,70,46.2,1.5,48.99,8.05
169,acapulco,5,MX,1573396976,83,16.86,-99.88,82.4,3.36
170,mehamn,0,NO,1573397191,77,71.03,27.85,20.25,13.58
171,ancud,62,CL,1573397191,63,-41.87,-73.83,62.6,6.93
172,san patricio,71,PY,1573397191,59,-26.98,-56.83,85.5,8.9
173,tessalit,81,ML,1573397192,12,20.2,1.01,89.01,10.27
174,mamallapuram,40,IN,1573397192,66,12.63,80.17,84.2,4.7
175,kalabo,33,ZM,1573397192,26,-15.0,22.67,91.67,5.82
176,lagoa,20,PT,1573397193,37,37.14,-8.45,68.0,19.46
177,fare,94,PF,1573397193,74,-16.7,-151.02,79.56,19.62
178,tottori,97,JP,1573397193,73,35.5,134.23,52.65,7.27
179,svetlogorsk,0,RU,1573397194,85,53.14,59.15,12.2,2.24
180,rio de janeiro,75,BR,1573397194,83,-22.91,-43.21,86.0,10.29
181,saint-pierre,90,FR,1573397194,81,48.95,4.24,50.0,9.17
182,hay river,20,CA,1573397194,76,60.82,-115.79,-4.01,5.82
183,laguna,40,BZ,1573397195,83,16.17,-88.94,78.8,4.7
184,maragogi,45,BR,1573397195,75,-9.01,-35.22,79.36,12.39
185,kuytun,11,RU,1573397195,80,54.34,101.51,10.81,5.3
186,port blair,0,IN,1573397196,73,11.67,92.75,82.53,4.43
187,saskylakh,98,RU,1573397196,100,71.97,114.09,-12.95,1.81
188,margate,92,AU,1573397196,71,-43.03,147.26,53.01,11.41
189,pran buri,33,TH,1573397196,74,12.39,99.9,76.62,8.97
190,wanning,75,AT,1573397197,93,48.64,13.53,43.0,2.24
191,roma,40,IT,1573396966,62,41.89,12.48,62.6,8.05
192,quatre cocos,75,MU,1573397197,78,-20.21,57.76,77.0,4.7
193,luderitz,12,NA,1573397197,60,-26.65,15.16,71.6,13.87
194,thompson,20,CA,1573397198,69,55.74,-97.86,-13.01,8.05
195,ribeira grande,20,PT,1573397198,73,38.52,-28.7,69.8,8.05
196,ahuimanu,1,US,1573397198,94,21.44,-157.84,71.6,3.09
197,nekhayevskiy,50,RU,1573397198,77,50.41,41.76,44.01,3.0
198,phuket,20,TH,1573397199,94,7.89,98.4,77.0,13.85
199,palmer,32,AU,1573397200,41,-34.85,139.16,60.01,5.82
200,nhulunbuy,82,AU,1573397200,88,-12.18,136.78,71.6,5.44
201,esperance,90,AU,1573397200,82,-33.86,121.89,57.2,13.87
202,husavik,100,CA,1573397200,89,50.56,-96.99,9.0,5.01
203,tasiilaq,100,GL,1573397201,65,65.61,-37.64,41.0,44.96
204,ahipara,100,NZ,1573397201,100,-35.17,173.16,57.0,17.58
205,valguarnera caropepe,40,IT,1573397202,52,37.5,14.39,66.2,14.99
206,kondoa,40,TZ,1573397202,49,-4.91,35.78,77.32,9.66
207,lata,3,IN,1573397203,69,30.78,78.62,23.25,2.86
208,pinawa,100,CA,1573397203,78,50.15,-95.88,7.39,2.93
209,sungaipenuh,100,ID,1573397204,98,-2.08,101.38,64.49,3.04
210,pangoa,84,PE,1573397204,60,-12.12,-73.0,82.51,4.74
211,umm kaddadah,25,SD,1573396907,11,13.6,26.69,87.53,14.7
212,anadyr,40,RU,1573397205,93,64.73,177.51,37.4,29.08
213,isangel,0,VU,1573397205,79,-19.55,169.27,72.9,11.99
214,paamiut,100,GL,1573397206,74,61.99,-49.67,37.9,12.46
215,pacific grove,90,US,1573397206,93,36.62,-121.92,50.0,9.17
216,noshiro,100,JP,1573397209,65,40.21,140.05,46.53,3.51
217,shelburne,90,CA,1573397209,90,44.08,-80.2,41.0,5.82
218,kununurra,66,AU,1573397209,61,-15.77,128.74,80.6,6.93
219,sabratah,0,LY,1573397210,28,32.79,12.49,69.08,8.84
220,severo-yeniseyskiy,100,RU,1573397210,96,60.37,93.04,-10.0,6.35
221,abalak,10,NE,1573397212,9,15.46,6.28,96.69,5.48
222,awbari,0,LY,1573397213,22,26.59,12.77,83.43,14.74
223,rybnaya sloboda,90,RU,1573397214,86,55.46,50.14,32.0,11.18
224,prince rupert,75,CA,1573397214,100,54.32,-130.32,46.4,5.82
225,echirolles,90,FR,1573397154,70,45.14,5.73,51.8,8.05
226,mabaruma,57,GY,1573397216,60,8.2,-59.78,89.17,3.53
227,geraldton,75,CA,1573397217,71,49.72,-86.95,3.2,11.41
228,rio grande,75,BR,1573397218,65,-32.03,-52.1,77.0,11.41
229,xai-xai,18,MZ,1573397219,64,-25.04,33.64,78.15,11.83
230,pozhva,96,RU,1573397220,72,59.09,56.08,26.56,9.57
231,granard,98,IE,1573397220,76,53.78,-7.49,41.88,7.74
232,esmeraldas,97,BR,1573397221,43,-19.76,-44.31,89.6,3.36
233,fukue,75,JP,1573397221,67,35.03,136.69,57.2,6.93
234,kahului,1,US,1573397223,77,20.89,-156.47,72.0,6.44
235,paranhos,100,PY,1573397224,62,-23.89,-55.43,87.39,1.74
236,irbeyskoye,95,RU,1573397224,67,55.64,95.45,10.47,5.08
237,luebo,99,CD,1573397225,87,-5.35,21.42,76.26,2.04
238,bathsheba,40,BB,1573397225,70,13.22,-59.52,86.0,21.92
239,presque isle,90,US,1573397226,58,46.68,-68.02,32.0,10.29
240,lencois paulista,100,BR,1573397227,66,-22.6,-48.8,78.64,5.44
241,siderno,20,IT,1573397227,54,38.28,16.3,68.0,3.36
242,kidal,93,ML,1573397227,10,18.44,1.41,96.42,7.67
243,umm lajj,4,SA,1573397229,64,25.02,37.27,79.84,6.71
244,norsup,3,VU,1573397233,79,-16.07,167.38,77.38,12.1
245,grabouw,100,ZA,1573397235,53,-34.15,19.01,77.0,11.41
246,glace bay,20,CA,1573397237,60,46.2,-59.96,44.01,10.29
247,tiarei,100,PF,1573397241,83,-17.53,-149.33,77.0,4.7
248,chokurdakh,100,RU,1573397242,94,70.62,147.9,6.46,9.98
249,tuatapere,100,NZ,1573397243,88,-46.13,167.69,45.0,1.43
250,pisco,90,PE,1573397244,30,-13.71,-76.2,71.6,8.05
251,semirom,0,IR,1573397244,25,31.41,51.57,37.4,6.17
252,ouahigouya,52,BF,1573397246,13,13.58,-2.42,98.76,3.91
253,pavlovsk,100,RU,1573397247,78,53.31,82.99,12.2,6.71
254,fiumicino,40,IT,1573397247,63,41.77,12.23,62.6,8.05
255,hovd,75,NO,1573397248,63,63.83,10.7,28.0,18.34
256,rosetta,0,EG,1573397249,74,31.4,30.42,74.77,13.58
257,marsh harbour,0,BS,1573397249,61,26.54,-77.06,75.18,16.84
258,adre,100,TD,1573397250,13,13.47,22.2,86.47,9.8
259,bon air,1,US,1573397251,52,37.52,-77.56,48.99,5.82
260,canutama,100,BR,1573397251,85,-6.53,-64.38,78.53,1.81
261,tuy hoa,100,VN,1573397252,82,13.08,109.3,80.31,40.29
262,kavieng,100,PG,1573397252,76,-2.57,150.8,79.72,4.0
263,nikki,91,BJ,1573397253,19,9.94,3.21,95.49,3.58
264,victoria,75,BN,1573397109,88,5.28,115.24,80.6,1.12
265,guanica,1,PR,1573397254,74,17.97,-66.91,88.0,13.27
266,novoagansk,0,RU,1573397254,92,61.94,76.66,-11.44,5.99
267,byron bay,90,AU,1573397254,82,-28.65,153.62,64.99,3.36
268,tommot,100,RU,1573397254,95,58.97,126.27,18.1,6.2
269,emerald,76,AU,1573397255,23,-23.53,148.16,66.0,5.82
270,makhachkala,23,RU,1573397255,87,42.98,47.5,50.0,6.71
271,kyzyl-suu,100,KG,1573397256,66,42.34,78.0,39.06,9.91
272,shahpur,0,IN,1573397256,76,22.19,77.91,67.98,2.82
273,guerrero negro,98,MX,1573397259,73,27.97,-114.04,68.74,13.0
274,manhay,7,BE,1573397259,61,50.29,5.68,52.0,2.24
275,ornskoldsvik,90,SE,1573397260,79,63.29,18.72,24.8,8.05
276,adrar,0,DZ,1573397260,19,27.87,-0.29,71.6,9.17
277,port lincoln,0,AU,1573397261,57,-34.72,135.86,59.29,11.97
278,lorengau,100,PG,1573397264,78,-2.02,147.27,82.78,11.88
279,vytegra,100,RU,1573397265,97,61.01,36.45,41.32,9.78
280,gympie,0,AU,1573397267,67,-26.2,152.66,59.0,1.01
281,pokhvistnevo,0,RU,1573397267,84,53.65,52.12,31.17,5.06
282,shimanovsk,100,RU,1573397267,95,52.0,127.67,21.36,3.87
283,katsuura,75,JP,1573397267,76,33.93,134.5,53.6,5.82
284,victor harbor,38,AU,1573397268,41,-35.55,138.62,57.2,5.82
285,ust-maya,0,RU,1573397268,96,60.42,134.54,-19.23,1.36
286,beringovskiy,100,RU,1573397269,99,63.05,179.32,34.77,15.23
287,gamba,0,CN,1573397270,40,28.28,88.52,27.46,3.18
288,umba,100,RU,1573397270,89,66.69,34.34,25.84,17.92
289,akhisar,0,TR,1573397271,46,38.92,27.84,64.33,3.87
290,passi,1,PH,1573397271,86,11.12,122.65,74.59,2.53
291,cukai,76,MY,1573397182,94,4.25,103.42,78.8,7.47
292,pagudpud,100,PH,1573397272,96,18.56,120.79,69.15,4.54
293,yerbogachen,99,RU,1573397272,96,61.28,108.01,-8.45,6.29
294,trinidad,75,BO,1573397272,88,-14.83,-64.9,80.6,6.93
295,nan,100,TH,1573397273,96,18.78,100.78,66.9,2.75
296,atakpame,98,TG,1573397273,45,7.53,1.13,89.51,4.05
297,el sauzal,75,AR,1573397274,64,-24.3,-64.96,73.4,3.36
298,dumka,0,IN,1573397274,81,24.27,87.25,71.53,4.43
299,hambantota,100,LK,1573397274,72,6.12,81.12,82.56,3.74
300,senno,90,RU,1573397274,87,57.76,27.95,51.8,6.71
301,itarema,33,BR,1573397274,38,-2.92,-39.92,94.89,14.32
302,selenginsk,20,RU,1573397275,72,52.01,106.87,14.0,6.71
303,flinders,23,AU,1573397275,100,-34.58,150.85,60.01,8.39
304,sao sebastiao,56,BR,1573397276,53,-3.15,-58.36,91.11,6.31
305,bredy,31,RU,1573397276,76,52.43,60.33,23.2,7.07
306,banda aceh,99,ID,1573397049,90,5.56,95.32,74.73,1.28
307,cardonal,36,MX,1573397277,74,20.06,-99.23,55.99,0.13
308,lapua,90,FI,1573397277,100,62.97,23.01,30.0,8.05
309,orocue,100,CO,1573397278,64,4.79,-71.34,86.97,7.76
310,ryotsu,100,JP,1573397278,93,38.08,138.43,42.8,1.12
311,waingapu,16,ID,1573397279,77,-9.65,120.26,82.74,8.57
312,namibe,0,AO,1573397279,82,-15.19,12.15,77.85,10.63
313,gat,40,SN,1573397281,31,14.69,-16.54,89.6,14.99
314,batticaloa,40,LK,1573397281,89,7.71,81.69,74.95,2.48
315,cheremukhovo,100,RU,1573397282,89,56.23,46.23,34.83,8.61
316,ixtapa,5,MX,1573397284,83,20.71,-105.21,80.01,3.36
317,srednekolymsk,76,RU,1573397285,99,67.46,153.71,-3.86,5.32
318,mercedes,52,UY,1573397286,69,-33.25,-58.03,72.93,9.17
319,ishigaki,70,JP,1573397286,57,24.34,124.16,71.55,6.29
320,gorontalo,80,ID,1573397287,89,0.54,123.06,72.52,3.24
321,flin flon,20,CA,1573397288,76,54.77,-101.88,-7.61,9.17
322,constitucion,5,MX,1573397292,81,23.99,-104.67,57.99,0.56
323,leningradskiy,53,RU,1573397295,59,69.38,178.42,16.97,4.05
324,port-gentil,40,GA,1573397295,83,-0.72,8.78,82.4,8.05
325,kerrville,1,US,1573397296,81,30.05,-99.14,55.0,8.05
326,dingle,1,PH,1573397296,86,11.0,122.67,74.59,2.53
327,romny,99,UA,1573397297,80,50.74,33.49,52.56,11.3
328,alice springs,100,AU,1573397297,11,-23.7,133.88,64.4,2.24
329,narsaq,75,GL,1573397298,45,60.91,-46.05,42.8,2.24
330,mackenzie,1,CA,1573397301,84,55.34,-123.09,-2.21,3.36
331,henties bay,0,NA,1573397302,82,-22.12,14.28,64.99,10.0
332,kitgum,100,UG,1573397304,52,3.3,32.88,80.64,3.18
333,clyde river,90,CA,1573397304,100,70.47,-68.59,14.0,38.21
334,susanville,1,US,1573397305,59,40.42,-120.65,35.6,4.54
335,norrtalje,90,SE,1573397306,92,59.76,18.7,37.0,13.87
336,samarkand,0,UZ,1573397309,53,39.65,66.98,50.0,11.41
337,capitao poco,100,BR,1573397309,42,-1.75,-47.06,93.76,7.58
338,bilibino,11,RU,1573397309,47,68.06,166.44,8.53,4.68
339,sao joao da barra,20,BR,1573397309,62,-21.64,-41.05,87.8,4.7
340,tawau,75,MY,1573397310,94,4.26,117.89,77.0,3.36
341,yaring,93,TH,1573397311,73,6.87,101.37,81.66,5.53
342,vila,100,IT,1573397312,50,45.18,8.4,55.4,3.36
343,longyearbyen,75,NO,1573397313,72,78.22,15.63,17.6,3.36
344,kloulklubed,75,PW,1573397313,88,7.04,134.26,77.0,5.82
345,vila velha,75,BR,1573397316,58,-3.71,-38.6,87.8,20.8
346,kochubey,59,RU,1573397316,83,44.39,46.54,55.24,12.84
347,vanimo,100,PG,1573397317,78,-2.67,141.3,81.19,7.81
348,sisimiut,100,GL,1573397317,54,66.94,-53.67,30.2,9.1
349,phalombe,98,MW,1573397317,61,-15.81,35.65,77.83,2.84
350,conceicao do araguaia,100,BR,1573397317,49,-8.26,-49.26,93.56,2.28
351,albstadt,90,DE,1573397318,86,50.12,9.12,43.0,4.7
352,mukhen,100,RU,1573397318,58,48.19,136.14,30.25,5.99
353,lalibela,100,ET,1573397318,43,12.04,39.05,69.42,9.4
354,kruisfontein,94,ZA,1573397318,83,-34.0,24.73,64.92,17.27
355,muroto,100,JP,1573397319,78,33.37,134.14,56.79,3.53
356,broome,75,GB,1573397322,87,52.47,1.45,52.0,2.24
357,tarboro,1,US,1573397328,49,35.9,-77.54,50.0,8.05
358,luanda,40,AO,1573397329,66,-8.83,13.24,86.0,13.87
359,bahia blanca,97,AR,1573397229,36,-38.72,-62.27,75.09,3.06
360,kortkeros,90,RU,1573397333,92,61.81,51.56,24.8,8.95
361,panzhihua,96,CN,1573397333,76,26.59,101.72,57.34,1.61
362,airai,0,TL,1573397334,74,-8.93,125.41,66.79,2.77
363,benguela,75,AO,1573397334,78,-12.58,13.4,82.4,5.82
364,moranbah,87,AU,1573397336,46,-22.0,148.04,66.43,3.31
365,burns lake,96,CA,1573397336,77,54.23,-125.76,17.6,4.43
366,vila franca do campo,20,PT,1573397337,60,37.72,-25.43,69.8,4.7
367,eureka,75,US,1573397137,100,40.8,-124.16,44.6,6.93
368,wawa,76,NG,1573397338,35,9.9,4.41,91.22,2.28
369,gurkovo,20,BG,1573397340,71,42.98,23.69,57.99,16.11
370,beli potok,67,RS,1573397342,82,44.71,20.52,59.0,9.17
371,waipawa,91,NZ,1573397343,94,-39.94,176.59,55.0,1.01
372,mesetas,33,CO,1573397344,68,3.38,-74.04,77.18,5.79
373,shubarshi,7,KZ,1573397344,86,48.59,57.19,28.9,9.6
374,rio gallegos,100,AR,1573397345,53,-51.62,-69.22,51.8,9.17
375,roald,20,NO,1573397345,68,62.58,6.12,30.2,14.99
376,muriwai beach,86,NZ,1573397346,92,-36.82,174.45,57.99,20.65
377,nenjiang,100,CN,1573397347,96,49.17,125.23,29.52,5.97
378,rio cuarto,40,AR,1573397348,73,-33.13,-64.35,75.2,20.8
379,kamaishi,100,JP,1573397349,70,39.28,141.86,41.79,3.94
380,moissala,100,TD,1573397349,28,8.34,17.77,91.71,3.62
381,champerico,20,MX,1573397349,83,16.38,-93.6,69.8,3.36
382,atar,100,MR,1573397351,11,20.52,-13.05,89.53,15.84
383,socorro,1,US,1573397352,57,31.65,-106.3,53.01,2.13
384,polunochnoye,100,RU,1573397353,95,60.87,60.43,12.4,4.12
385,college,1,US,1573397353,83,64.86,-147.8,17.6,1.63
386,pontianak,3,ID,1573397354,92,-0.02,109.34,76.15,1.23
387,dandong,100,CN,1573397355,71,40.12,124.37,48.92,4.88
388,homer,90,US,1573397355,93,59.64,-151.54,42.01,3.36
389,stanghelle,20,NO,1573397355,55,60.55,5.74,37.0,4.7
390,port hardy,90,CA,1573397355,100,50.7,-127.42,46.4,1.5
391,salalah,20,OM,1573397356,61,17.01,54.1,82.4,6.93
392,chernyshevskiy,0,RU,1573397356,92,63.01,112.47,-17.14,6.46
393,maloy,67,ID,1573397356,91,1.0,118.1,73.62,1.32
394,ngunguru,41,NZ,1573397357,95,-35.62,174.5,53.01,3.0
395,north bend,1,US,1573397357,100,43.41,-124.22,48.99,4.7
396,pontes e lacerda,100,BR,1573397358,81,-15.23,-59.33,79.79,6.08
397,camacha,40,PT,1573397358,64,33.08,-16.33,69.8,14.99
398,kudahuvadhoo,29,MV,1573397359,72,2.67,72.89,83.26,8.7
399,gold coast,0,AU,1573397177,66,-28.0,153.41,70.0,3.0
400,aklavik,5,CA,1573397359,40,68.22,-135.01,15.8,6.93
401,havre-saint-pierre,90,CA,1573397359,69,50.23,-63.6,33.8,16.11
402,nieuwpoort,0,BE,1573397359,70,51.13,2.75,51.01,5.82
403,vao,85,EE,1573397360,85,59.1,26.19,45.91,10.56
404,kurmanayevka,0,RU,1573397360,78,52.51,52.07,31.78,4.05
405,luwingu,72,ZM,1573397360,24,-10.26,29.92,90.25,7.14
406,popondetta,100,PG,1573397361,91,-8.77,148.24,65.79,1.14
407,dalvik,75,SE,1573397361,90,57.79,14.13,34.0,4.7
408,nouadhibou,97,MR,1573397362,56,20.93,-17.03,73.4,12.75
409,dinard,20,FR,1573397362,71,48.63,-2.06,53.01,11.41
410,pucallpa,4,PE,1573397362,39,-8.38,-74.54,96.13,3.83
411,ismailia,90,EG,1573397348,55,30.6,32.27,75.87,11.03
412,anzio,40,IT,1573397362,62,41.45,12.63,62.6,8.05
413,richards bay,100,ZA,1573397363,84,-28.77,32.06,71.37,27.98
414,araouane,100,ML,1573397363,11,18.9,-3.53,87.01,14.58
415,yabrud,20,SY,1573397364,14,33.97,36.66,75.2,10.29
416,san quintin,90,PH,1573397365,91,17.54,120.52,73.33,3.56
417,turukhansk,100,RU,1573397365,100,65.8,87.96,-19.27,2.86
418,yelizovo,0,RU,1573397366,80,53.19,158.38,30.2,2.24
419,la grande,90,US,1573397366,70,45.32,-118.09,52.0,4.7
420,dakar,52,SN,1573397319,31,14.69,-17.45,89.6,14.99
421,cabo san lucas,75,MX,1573397367,60,22.89,-109.91,77.0,5.82
422,necochea,100,AR,1573397368,81,-38.55,-58.74,60.01,13.0
423,xifeng,100,CN,1573397368,93,42.73,124.72,44.56,1.81
424,belyy yar,40,RU,1573397369,72,53.6,91.39,15.8,6.71
425,padang,100,ID,1573397369,98,-0.92,100.36,68.13,2.21
426,casablanca,75,MA,1573397369,48,33.6,-7.62,68.0,11.41
427,sierre,20,CH,1573397370,49,46.29,7.53,48.2,6.93
428,hofn,90,IS,1573397370,75,64.25,-15.21,42.8,28.86
429,coos bay,1,US,1573397270,100,43.37,-124.22,48.99,4.7
430,bonavista,100,CA,1573397371,71,48.65,-53.11,37.99,4.0
431,karangampel,0,ID,1573397371,71,-6.46,108.44,83.44,6.8
432,wukari,100,NG,1573397371,42,7.87,9.78,93.16,1.41
433,fontaine,90,FR,1573397371,70,45.2,5.69,51.8,8.05
434,half moon bay,90,US,1573397371,93,37.46,-122.43,53.01,5.82
435,huayucachi,15,PE,1573397372,67,-12.13,-75.23,49.91,7.83
436,richmond,90,CA,1573397083,100,49.16,-123.14,50.0,2.24
437,maracacume,98,BR,1573397372,46,-2.04,-45.96,92.05,5.66
438,shatsk,93,RU,1573397373,90,54.03,41.71,41.09,8.93
439,vostok,100,RU,1573397373,73,46.45,135.83,27.05,4.74
440,kushima,30,JP,1573397374,70,31.5,131.29,66.69,15.17
441,tual,100,ID,1573397375,75,-5.67,132.75,81.64,9.1
442,freeport,20,BS,1573397375,61,26.54,-78.7,77.0,12.75
443,carutapera,100,BR,1573397375,76,-1.2,-46.02,82.49,15.61
444,tazovskiy,98,RU,1573397375,92,67.47,78.7,-0.68,17.56
445,ilinskiy,90,RU,1573397376,87,55.62,38.12,50.0,6.71
446,leh,0,IN,1573397376,38,34.16,77.58,18.05,4.61
447,sumbe,67,AO,1573397376,72,-11.2,13.84,83.03,9.33
448,carupano,57,VE,1573397377,55,10.67,-63.26,87.85,4.9
449,la ronge,20,CA,1573397377,83,55.1,-105.3,-11.21,4.7
450,cruz do espirito santo,75,BR,1573397377,58,-7.14,-35.09,86.0,13.87
451,tuskegee,1,US,1573397378,87,32.42,-85.69,52.0,1.99
452,springfield,90,US,1573397102,40,42.1,-72.59,42.01,9.17
453,praia da vitoria,20,PT,1573397152,68,38.73,-27.07,69.8,1.41
454,felanitx,100,ES,1573397379,76,39.47,3.15,55.99,9.17
455,naryan-mar,100,RU,1573397379,94,67.67,53.09,9.9,13.38
456,berdigestyakh,100,RU,1573397340,92,62.1,126.7,7.77,7.18
457,yumen,71,CN,1573397380,26,40.29,97.04,35.74,11.01
458,soller,40,DE,1573397381,87,50.73,6.56,51.01,2.24
459,mount isa,50,AU,1573397381,13,-20.73,139.49,69.8,5.82
460,peniche,40,PT,1573397381,87,39.36,-9.38,61.0,13.87
461,vorotynsk,90,RU,1573397381,93,54.43,36.05,48.2,8.95
462,the valley,20,AI,1573397329,69,18.22,-63.06,86.0,13.87
463,turangi,92,NZ,1573397382,97,-39.0,175.93,48.43,5.23
464,jian,41,IN,1573397382,83,25.65,87.89,72.72,7.63
465,yantal,100,RU,1573397383,95,56.85,105.25,0.45,5.19
466,pangody,35,RU,1573397383,99,65.85,74.49,-7.98,9.06
467,dunedin,100,NZ,1573397384,88,-45.87,170.5,48.99,13.0
468,zunyi,79,CN,1573397385,80,27.73,106.92,55.98,1.36
469,rajsamand,40,IN,1573397385,83,25.06,73.89,75.2,3.27
470,zhicheng,0,CN,1573397385,27,35.04,112.59,56.21,4.56
471,auki,100,NG,1573397386,17,12.18,6.51,94.68,2.01
472,mezen,100,RU,1573397386,95,65.85,44.24,20.1,5.35
473,svay rieng,100,KH,1573397386,82,11.08,105.8,75.7,5.14
474,senneterre,90,CA,1573397387,85,48.39,-77.24,14.0,14.99
475,meadow lake,90,CA,1573397387,70,54.13,-108.44,1.4,8.05
476,siocon,0,PH,1573397387,82,11.03,124.04,79.0,7.94
477,cidreira,100,BR,1573397388,91,-30.17,-50.22,70.63,16.58
478,bonthe,48,SL,1573397388,68,7.53,-12.5,85.55,9.84
479,bowen,12,AU,1573397388,82,-20.01,148.25,66.0,2.24
480,mizdah,0,LY,1573397388,32,31.45,12.98,65.14,8.43
481,haines junction,0,CA,1573397381,82,60.75,-137.51,-5.5,1.88
482,berezovyy,100,RU,1573397389,65,51.67,135.7,23.14,4.21
483,yabelo,100,ET,1573397389,66,4.89,38.09,71.2,6.85
484,aloleng,100,PH,1573397389,87,16.13,119.78,74.97,1.61
485,collie,0,AU,1573397389,51,-33.36,116.15,61.0,7.14
486,gimli,100,CA,1573397389,89,50.63,-96.99,9.0,5.01
487,aksu,0,KZ,1573397390,72,52.04,76.93,15.8,8.95
488,ponta do sol,84,BR,1573397390,51,-20.63,-46.0,82.94,6.26
489,kangly,90,RU,1573397390,81,44.25,43.03,46.4,8.95
490,senanga,95,ZM,1573397390,31,-16.1,23.3,87.78,7.45
491,strezhevoy,90,RU,1573397390,84,60.73,77.6,-2.21,4.47
492,rio tinto,75,BR,1573397391,58,-6.8,-35.08,86.0,13.87
493,jiuquan,10,CN,1573397391,29,39.73,98.49,32.99,0.45
494,yeniseysk,100,RU,1573397391,97,58.45,92.17,-5.08,4.36
495,letnik,100,RU,1573397391,76,46.01,41.27,51.6,9.86
496,mus,100,FR,1573397392,50,43.74,4.2,57.2,18.34
497,bua yai,98,TH,1573397392,61,15.59,102.43,71.15,4.81
498,kirby,1,US,1573397392,81,29.46,-98.39,57.99,6.82
499,hanstholm,1,DK,1573397392,85,57.12,8.61,42.01,6.71
500,honiara,75,SB,1573397392,100,-9.43,159.96,77.0,3.36
501,lavrentiya,98,RU,1573397393,92,65.58,-170.99,33.94,6.38
502,chara,20,GR,1573397393,40,39.42,22.43,71.6,9.17
503,hobyo,65,SO,1573397393,71,5.35,48.53,79.93,16.22
504,lensk,96,RU,1573397393,92,60.71,114.91,-3.66,7.05
505,loukhi,100,RU,1573397394,94,66.08,33.04,23.43,8.81
506,okato,100,NZ,1573397394,91,-39.19,173.88,55.0,7.0
507,egvekinot,100,RU,1573397394,90,66.32,-179.17,23.27,8.03
508,ulladulla,0,AU,1573397394,100,-35.36,150.48,53.6,5.75
509,bridlington,40,GB,1573397395,81,54.08,-0.19,46.99,4.7
510,lewisporte,75,CA,1573397395,59,49.25,-55.06,35.01,13.87
511,prince george,1,CA,1573397207,78,53.92,-122.75,10.99,4.7
512,maiduguri,99,NG,1573397396,13,11.84,13.15,98.37,9.64
513,norman wells,5,CA,1573397396,77,65.28,-126.83,-0.41,4.7
514,wanaka,100,NZ,1573397397,99,-44.7,169.14,37.26,3.36
515,kayakent,0,RU,1573397397,87,42.39,47.9,50.0,6.71
516,tagusao,0,PH,1573397397,87,9.19,117.81,74.97,2.33
517,ripoll,17,ES,1573397397,50,42.2,2.19,57.99,3.36
518,jardim,100,BR,1573397397,85,-21.48,-56.15,77.18,2.98
519,lallayug,100,PH,1573397398,89,17.71,121.44,72.52,5.53
520,salinas,90,US,1573397391,93,36.67,-121.66,50.0,9.17
521,gizo,78,IL,1573397398,67,31.8,34.94,77.0,1.01
522,deputatskiy,100,RU,1573397398,98,69.3,139.9,-2.15,1.79
523,coquimbo,90,CL,1573397104,87,-29.95,-71.34,72.0,5.82
524,fort nelson,5,CA,1573397399,76,58.81,-122.69,-5.81,8.05
525,murray bridge,32,AU,1573397399,45,-35.12,139.28,60.01,4.52
526,san andres,8,PH,1573397399,94,13.32,122.68,73.62,4.61
527,northam,40,AU,1573397400,87,-31.65,116.67,60.8,4.47
528,nantucket,1,US,1573397400,70,41.28,-70.1,48.2,6.93
529,lidzbark warminski,94,PL,1573397400,86,54.13,20.58,42.85,3.94
530,nyurba,0,RU,1573397401,85,63.29,118.35,-10.86,6.49
531,dubbo,0,AU,1573397401,54,-32.25,148.6,55.4,4.7
532,toba tek singh,0,PK,1573397401,26,30.98,72.49,67.89,3.69
533,ambon,90,FR,1573397401,71,47.55,-2.56,53.01,8.05
534,vestmannaeyjar,90,IS,1573397401,93,63.44,-20.27,39.2,46.08
535,shenzhen,54,CN,1573397402,60,22.54,114.05,75.99,3.36
536,ippy,0,CF,1573397402,46,6.26,21.2,86.79,3.85
537,zakamensk,100,RU,1573397402,70,50.38,103.29,15.58,3.22
538,kuching,75,MY,1573397403,94,1.56,110.34,80.6,2.24
539,bogande,28,BF,1573397403,10,12.97,-0.14,100.11,5.95
540,naze,100,NG,1573397404,75,5.43,7.07,79.63,5.75
541,bulungu,94,CD,1573397404,88,-4.54,18.6,81.57,2.51
542,manbij,0,SY,1573397404,49,36.53,37.96,69.8,4.52
543,pitimbu,75,BR,1573397404,58,-7.47,-34.81,86.0,13.87
544,sembakung,98,ID,1573397405,81,3.82,117.25,78.67,2.37
545,havoysund,0,NO,1573397405,73,71.0,24.66,23.0,16.11
546,lac du bonnet,100,CA,1573397405,89,50.25,-96.06,9.0,5.01
547,iwanai,99,JP,1573397406,80,42.97,140.51,33.4,5.7
548,kirakira,68,SB,1573397406,81,-10.46,161.92,72.18,6.87
549,namie,100,JP,1573397406,83,37.52,140.86,44.01,2.26
